aggregated_duration_nnconv2d,aggregated_percentage_nnconv2d,aggregated_count_nnconv2d,aggregated_duration_nnbiasadd,aggregated_percentage_nnbiasadd,aggregated_count_nnbiasadd,aggregated_duration_clip,aggregated_percentage_clip,aggregated_count_clip,aggregated_duration_add,aggregated_percentage_add,aggregated_count_add,aggregated_duration_nnglobalavgpool2d,aggregated_percentage_nnglobalavgpool2d,aggregated_count_nnglobalavgpool2d,aggregated_duration_nndense,aggregated_percentage_nndense,aggregated_count_nndense,total_duration,total_percentage,total_count,label_model_name
24457.15199999999,70.48274400000001,52,3521.1729999999993,10.147626999999998,52,2430.0389999999993,7.003098599999997,35,201.48,0.5806425100000001,11,41.484,0.119552,1,1537.55,4.43106,1,32188.878000000008,92.76472411,152,mobilenetv2-10.onnx
25727.066999999992,72.776,52,3391.911999999999,9.594948500000001,52,2338.263000000001,6.614413999999997,35,197.49300000000002,0.55866265,11,37.278,0.105451,1,1459.88,4.12967,1,33151.892999999975,93.77914615000005,152,mobilenetv2-10.onnx
25627.389,73.53180800000001,52,3314.6750000000006,9.5106845,52,2151.845,6.1742242,35,193.679,0.55571713,11,38.351,0.110039,1,1449.9,4.16015,1,32775.839000000014,94.04262283000001,152,mobilenetv2-10.onnx
26107.274000000005,73.37560599999998,52,3459.602999999999,9.723360899999998,52,2259.157,6.349457799999998,35,187.62,0.52731439,11,39.783,0.111812,1,1442.13,4.05318,1,33495.566999999995,94.14073108999995,152,mobilenetv2-10.onnx
25702.219999999987,72.96883399999999,52,3369.0950000000007,9.564889600000003,52,2321.6240000000003,6.5911169,35,199.599,0.56666295,11,40.072,0.113765,1,1515.78,4.30332,1,33148.38999999997,94.10858844999998,152,mobilenetv2-10.onnx
